시도,시군구,건강증진센터명,건강증진센터구분,소재지도로명주소,위도,경도,건강증진업무내용,운영기관전화번호,건강증진사업내용
전라남도,신안군,가거도건강증진센터,건강증진,전라남도 신안군 흑산면 가거도길 36,34.052388,125.1266341,"의과, 치과, 한의과 진료",061-246-3585,
전라남도,신안군,홍도건강증진센터,건강증진,전라남도 신안군 흑산면 홍도 1길 32,34.68315259,125.191718,"의과, 치과, 한의과 진료",061-246-3701,
전라북도,장수군,장계면건강생활지원센터,건강증진,전라북도 장수군 장계면 한들로 124,35.73113068,127.5856752,만성질환예방및건강한생활습관 형성 지원,063-352-8700,
인천광역시,남동구,남동구정신건강복지센터,정신보건,"인천광역시 남동구 인주대로 819, 6층",37.4488382,126.728235,"만성정신질환관리사업, 정신건강증진사업, 아동청소년정신건강사업, 자살예방사업",032-465-6412,
경기도,시흥시,시흥시정신건강복지센터,정신보건,경기도 시흥시 호현로 55,37.44558366,126.7852959,생애주기별 정신건강증진사업/정신장애인관리사업/자살예방사업,031-316-6661,
경상남도,의령군,의령군정신건강복지센터,정신보건,경상남도 의령군 의령읍 의병로8길 16,35.3178199,128.2547693,"정신질환 예방, 상담, 치료연계, 정신질환자 주간재활프로그램 운영, 자살예방 및 정신건강증진 교육 등 군민정신건강증진 도모",055-570-4093,
인천광역시,연수구,맞춤형건강클리닉,건강증진,인천광역시 연수구 함박뫼로 13,37.41913159,126.6711606,"치매검진, 당뇨.고혈압 상담 및 검사, 뇌경색.심뇌혈관질환, 정신건강 상담",032-749-8104,
전라남도,장흥군,장흥군건강증진센터,건강증진,전라남도 장흥군 장흥읍 흥성로 49,34.67646767,126.9083343,"인바디 측정, 운동치료",061-860-6489,
울산광역시,동구,울산광역시 동구보건소 건강증진센터,건강증진,울산광역시 동구 봉수로 155,35.50506971,129.4164300357,장애인 전용 건강증진 프로그램 운영,052-209-4058,
전라북도,무주군,무주군보건의료원 건강증진센터,건강증진,전라북도 무주군 무주읍 한풍루로 413,36.0058821,127.6716991,"기초건강측정 및 상담, 운동처방, 운동프로그램 운영",063-320-8241,
경기도,하남시,하남시정신건강복지센터,정신보건,경기도 하남시 미사강변대로 200,37.5676545044,127.1858193513,"정신건강증진사업, 아동청소년정신건강증진사업, 자살예방사업, 노인자살예방사업",031-793-6552,
부산광역시,동래구,동래구정신건강복지센터,정신보건,부산광역시 동래구 명륜로187번길 56,35.21140793,129.0798561,지역정신건강증진,051-507-7306,
서울특별시,성동구,성동구정신건강복지센터,정신보건,서울특별시 성동구 행당로 12,37.5544895353,127.021461921,"정신건강증진, 중증정신질환자 관리",02-2298-1080,
경북,칠곡군,건강증진센터,건강증진,경북 칠곡군 왜관읍 관문로1길 30,35.99070797,128.4186406,ㅇ 체력진단 및 운동처방ㅇ 혈압 및 혈당 등 건강검사ㅇ 영양상담 및 운동상담ㅇ 운동프로그램 운영,054-973-4000,
광주광역시,광산구,광산구정신건강복지센터,정신보건,"광주광역시 광산구 상무대로 239-1, 3층",35.14062095,126.7932445,"정신질환자 사례관리, 정신건강증진사업, 자살예방사업 등",062-941-8567,
광주광역시,광산구,광산구중독관리통합지원센터,정신보건,"광주광역시 광산구 상무대로 287, 3층",35.14360579,126.7928318,"알코올 중독자 사례관리, 재활프로그램 등",062-714-1233,
전라남도,여수시,여수건강증진센터,건강증진,전라남도 여수시 시청서4길47(학동),34.75931552,127.6603872,"대사증후군관리사업,영양플러스사업,신체활동사업,영양관리사업",061-659-4213,
경기도,의정부시,의정부시건강증진센터,건강증진,경기도 의정부시 범골로 131,37.73615933,127.0395595,"건강증진센터 운영(개인별 맞춤형 운동처방, 운동·영양 교육 및 상담), 대사증후군 관리",031-870-6089,
경상북도,김천시,김천시정신건강복지센터,정신보건,"경상북도 김천시 체육공원길 21, 3층",36.1197327,128.1445275,정신건강증진 및 자살예방사업,054-433-4005,
충청북도,충주시,충주시건강증진센터,건강증진,충청북도 충주시 사직산21길34,36.97085167,127.9280135,"영양, 운동, 건강상담",043-850-3551,
서울특별시,구로구,서울특별시 구로정신건강복지센터,정신보건,서울특별시 구로구 새말로60,37.50321336,126.8866567,정신건강증진사업 업무전반,02-861-2284,
경상남도,통영시,통영시정신건강복지센터,정신보건,"경상남도 통영시 안개4길 108,(무전동)",34.85980836,128.4320132,정신건강증진 및 자살예방사업,055-650-6542,
경상남도,창녕군,창녕군정신건강복지센터,정신보건,경상남도 창녕군 창녕읍 우포2로 1189-35,35.5436522,128.4900857,"정신건강증진사업, 자살예방사업, 중증정신질환자 관리 등",055-530-6260,
광주광역시,북구,광주북구정신건강복지센터,정신보건,광주광역시 북구 북문대로 43,35.17518862,126.8807727,"정신건강증진, 정신장애인 및 자살예방 사례관리",062-267-5510,
경상남도,고성군,고성군정신건강복지센터,정신보건,경상남도 고성군 고성읍 남포로 79번길 103-3,34.96957375,128.3154029,"재가정신질환자등록관리, 재활프로그램운영, 정신건강교육 등 정신건강증진사업운영",055-670-4057,
부산광역시,해운대구,해운대구건강증진센터,건강증진,부산광역시 해운대구 반송로 853,35.23004498,129.1478938,예방보건 다목적 체육시설,051-717-3445,
전라남도,신안군,암태건강증진센터,건강증진,전라남도 신안군 암태면 승봉로 38,34.826233,126.1101211,"의과, 치과, 한의과 진료",061-271-1573,
전라남도,신안군,하의건강증진센터,건강증진,전라남도 신안군 하의면 하의로 250,34.605756,126.0357691,"의과, 치과, 한의과 진료",061-275-4024,
울산광역시,남구,울산광역시남구정신건강복지센터,정신보건,울산광역시 남구 삼산중로 132,35.5453601,129.3363124,"정신질환자 재활, 정신건강교육.상담.홍보, 자살예방사업",052-227-1116,
울산광역시,남구,울산광역시남구정신건강복지센터,정신보건,울산광역시 남구 삼산중로 132,35.5453601,129.3363124,"정신질환자 재활, 정신건강교육.상담.홍보, 자살예방사업",052-227-1116,
울산광역시,남구,무거건강생활지원센터,건강증진,울산광역시 남구 대학로 147번길 41-26,35.55124599,129.2596398,건강생활습관 형성지원 및 만성질환 예방관리,052-226-2340,
경기도,성남시,수정구보건소 건강증진센터,건강증진,경기도 성남시 수정구 수정로 218,37.4443296,127.1440618,"대사증후군관리, 체성분측정, 영양, 운동상담",031-729-3860,
경기도,성남시,중원구보건소 건강증진센터,건강증진,경기도 성남시 중원구 금상로 137,37.44215625,127.1705808,"대사증후군관리, 영양, 운동",031-729-3936,
경기도,성남시,분당구보건소 건강증진센터,건강증진,경기도 성남시 분당구 양현로 306,37.4110097,127.124601,"대사증후군관리, 체성분측정, 영양, 운동상담",031-729-4005,
대구광역시,달성군,달성군정신건강복지센터,정신보건,"대구광역시 달성군 옥포읍 비슬로458길 6-2, 3층",35.789593,128.471279,"정신건강증진사업, 중증정신질환자 관리사업, 자살예방사업, 아동·청소년정신건강증진사업, 통합정신건강증진사업",053-643-0199,
전라남도,곡성군,곡성군정신건강복지센터,정신보건,전라남도 곡성군 곡성읍 곡성로 854,35.27886716,127.2969046,정신보건,061-363-9917,
충청남도,태안군,태안군보건의료원 건강검진센터,건강증진,충청남도 태안군 태안읍 서해로 1952-16,36.7518786,126.3231987,국가 암 및 건강검진 등,041-671-5246,
충청북도,영동군,영동군정신건강복지센터,정신보건,충청북도 영동군 영동읍 반곡동길 7,36.16849628,127.7759673,"정신건강증진, 자살예방, 아동청소년정신보건",043-740-5929,
부산광역시,영도구,영도구 정신건강복지센터,정신보건,부산광역시 영도구 동삼북로 3(동삼동),35.08302016,129.0692231,정신건강과 자살예방 관련 상담 및 프로그램 진행,051-404-3379,
경상남도,사천시,사천시정신건강복지센터,정신보건,경상남도 사천시 용현면 시청로 77-1,35.00448215,128.0641106,지역주민 정신건강증진사업,055-831-2794,
대전광역시,유성구,유성구정신건강복지센터,정신보건,"대전광역시 유성구 박산로 177, 유성구보건소 2층",36.3538124711,127.3286409054,정신건강관리,042-825-3527,
대구광역시,서구,대구서구건강생활지원센터,건강증진,대구광역시 서구 서대구로7길 46,35.8607456,128.551449,"만성질환 상담실 및 운동 프로그램 운영, 내당권역 방문건강관리사업",053-663-3232,
경상북도,상주시,상주시정신건강복지센터,정신보건,경상북도 상주시 경상대로 3023,36.41691331,128.1508541,"중증정신질환자관리, 정신건강증진, 자살예방",054-536-0668,
대구광역시,북구,대구북구정신건강복지센터,정신보건,"대구광역시 북구 성북로 43, 4층",35.891605,128.5882723,"중증정신질환자 관리, 정신건강증진사업, 아동청소년 정신건강증진사업, 자살예방사업 등",053-353-3631,
경기도,포천시,포천시정신건강복지센터,정신보건,경기도 포천시 포천로 1612,37.90082576,127.2012628,"시민 정신건강 증진, 중증정신질환자 지역사회 통합, 자살 위험없는 안전사회 구현",031-542-0222,
경상남도,진주시,진주시 정신건강복지센터,정신보건,경상남도 진주시 문산읍 월아산로 983,35.15912752,128.163613,"주간재활프로그램, 무료상담소 운영, 정신질환 의료비 지원 등",055-749-5774,
부산광역시,기장군,기장군 정신건강증진센터,정신보건,부산광역시 기장군 정관읍 용수로 11,35.32519573,129.1793749,정신건강증진사업 자살예방사업 중증정신질환자 관리 등,051-709-2983,
경상남도,김해시,김해시정신건강복지센터,정신보건,"경상남도 김해시 주촌면 주선로 29-1, 3층",35.23477742,128.8457571,"중증정신질환관리, 자살예방 및 정신건강증진, 아동청소년 정신건강증진",055-320-5949,
부산광역시,수영구,수영구건강증진센터,건강증진,부산광역시 수영구 수영로 637-5,35.1624774,129.1134413,"운동, 영양, 비만, 건강행태개선 업무",051-752-4000,
울산광역시,북구,울산광역시 북구보건소 건강증진센터,건강증진,"울산광역시 북구 산업로 1018, 2층건강관리센터",35.58355486,129.3607258,만성질환 예방 및 관리,052-241-8168,
경기도,부천시,부천시정신건강복지센터,정신보건,경기도 부천시 성오로 172,37.5283486197,126.7960258927,"중증정신질환자관리사업, 아동청소년정신보건사업, 자살예방사업, 정신건강증진사업",032-654-4024,
경기도,양평군,양평군정신건강복지센터(부설 자살예방센터),정신보건,"경기도 양평군 양평읍 중앙로111번길 34-21, 3층",37.49662351,127.505177,"정신건강증진, 자살예방관리",031-771-3521,
경기도,오산시,건강증진센터,건강증진,경기도 오산시 경기동로 59,37.15936876,127.0778335,"대사증후군관리, 영양관리, 비만관리, 신체활동교육",031-8036-6071,
서울특별시,종로구,정신건강복지센터,정신보건,서울특별시 종로구 성균관로15길 10,37.590054,126.9976147,정신건강증진사업,02-745-0199,
서울특별시,종로구,명륜건강증진센터,건강증진,서울특별시 종로구 성균관로1길 6-3,37.5834055,126.9977661,대사증후군관리,02-2148-3735,
전라남도,나주시,진산요양원,정신보건,전라남도 나주시 노안면 노안삼도로 507-22,35.089994,126.6945442,정신요양시설운영,061-336-1911,
전라남도,나주시,빛고을정신요양원,정신보건,전라남도 나주시 다도면 다도로 287-22,34.98546561,126.8276577,정신요양시설운영,061-337-3427,
광주광역시,동구,광주동구정신건강복지센터,정신보건,광주광역시 동구 서남로 14,35.1449509557,126.9231629766,정신 건강예방서비스,062-233-0468,
광주광역시,동구,광주동구중독관리통합지원센터,정신보건,"광주광역시 동구 구성로 190, 2층",35.152598,126.913948,"중독자 등록관리, 중독예방사업",062-222-5666,
경상북도,경산시,정신건강복지센터,정신보건,경상북도 경산시 남매로 158,35.82511247,128.7432823,정신건강증진사업 및 자살예방사업,053-816-7190,
충청북도,단양군,단양군 CCTV통합관제센터 체력단련실,건강증진,충청북도 단양군 단양읍 별곡1로 17,36.98473681,128.3674437,체력단련실,043-420-3277,
충청남도,논산시,논산시건강생활지원센터,건강증진,충청남도 논산시 해월로125번길 26,36.20478393,127.0822907,"건강증진프로그램운영, 대사증후군관리 등",041-746-8027,
충청남도,천안시,성정건강생활지원센터,건강증진,충청남도 천안시 서북구 서부8길 29,36.8197764,127.1398813,"만성질환관리, 영양관리, 운동관리, 구강관리",041-521-2584,
충청북도,옥천군,옥천군보건소 건강증진센터,건강증진,충청북도 옥천군 옥천읍 삼양로8길 10,36.30448958,127.5697187,건강증진사업,043-730-2121,
대구광역시,중구,대구광역시 중구정신건강복지센터,정신보건,대구광역시 중구 태평로 45,35.87790606,128.583346,"중증정신질환자 관리 및 아동청소년 정신건강 서비스,  지역주민 정신건강증진,  자살예방 및 위기대응",053-256-2900,
전라남도,구례군,구례군 보건의료원 건강증진센터,건강증진,전라남도 구례군 구례읍 동편제길 30,35.216048,127.4617801,"운동상담, 영양상담, 금연상담, 대사증후군 관리, 물리치료실, 모바일 헬스케어 관리",061-780-2017,
대구광역시,수성구,대구수성구정신건강복지센터,정신보건,대구광역시 수성구 수성로 213,35.844919,128.6119385422,"중증정신질환자관리사업, 아동청소년정신보건사업, 자살예방사업, 정신건강증진사업",053-756-5860,
대구광역시,수성구,대구수성구보건건강생활지원센터,건강증진,대구광역시 수성구 욱수천로 99,35.8369885032,128.7128212323,"대사증후군관리, 영양, 구강, 금연, 운동, 방문건강, 모자보건사업",053-666-3163,
부산광역시,남구,남구정신건강복지센터,정신보건,부산광역시 남구 유엔평화로4번길 61,35.134251,129.088534,정신건강상담 및 프로그램 운영,051-626-4660,
경상북도,영주시,경상북도영주시보건소정신건강복지센터,정신보건,경상북도 영주시 영주로159번길 73,36.82876293,128.6159883,"통합정신건강증진사업, 자살예방사업, 중증정신질환 등록관리",054-639-5728,
광주광역시,광산구,송광정신재활센터,정신보건,광주광역시 광산구 우산로 17,35.15982359,126.8041452,정신질환자 재활프로그램 운영 및 사회복귀 도모,062-841-8250,
광주광역시,동구,광주동구치매안심센터,정신보건,"광주광역시 동구 서남로 14, 7층",35.14495096,126.923163,치매예방관리,062-608-3490,
광주광역시,동구,지원건강생활지원센터,건강증진,"광주광역시 동구 지원로 31-9, 2층",35.125318,126.935176655,"만성질환예방 및 관리사업, 신체활동, 영양, 비만, 재활, 건강체험관 운영",062-608-3950,
서울특별시,강북구,강북구민건강관리센터(삼각산분소),건강증진,서울특별시 강북구 삼양로19길 154,37.6170482,127.015605,"호흡기환자진료센터, 건강운동지원실 운영, 어린이체험관 운영",02-901-4801,
광주광역시,광산구,광역정신건강복지센터,정신보건,광주광역시 광산구 무진대로 246,35.16108692,126.807107,"정신건강사업 기획, 홍보, 매뉴얼 개발, 지역사회 네트워크 구축 등",062-600-1930,
서울특별시,노원구,노원구정신건강복지센터,정신보건,서울특별시 노원구 노해로 455,37.65416667,127.0585199,정신질환자 등록관리,02-2116-4591,
경상남도,남해군,남해군정신건강복지센터,정신보건,경상남도 남해군 남해읍 선소로 6,34.84474988,127.8987857,"중증정신질환자관리, 주간재활프로그램운영",055-860-8785,
서울특별시,강남구,수서동건강증진센터,건강증진,서울특별시 강남구 밤고개로1길 52,37.48900105,127.1052745,"대사증후군관리,만성질환관리",02-3423-8773,
서울특별시,강남구,세곡동건강증진센터,건강증진,서울특별시 강남구 밤고개로 286,37.4690094,127.1069041,"대사증후군관리,만성질환관리,고혈압,당뇨 교육",02-3423-8688,
인천광역시,계양구,효성건강생활지원센터,건강증진,인천광역시 계양구 봉오대로543번길 21,37.532549,126.7086103178,"만성질환등록관리, 교육 프로그램 운영, 기타서비스제공(금연클리닉, 불소용액 배부, 모자보건 상담 등)",032-430-7793,
서울특별시,강서구,강서구정신건강복지센터,정신보건,"서울특별시 강서구 공항대로 561, B1층",37.54964994,126.8682802,"중증정신질환관리, 정신건강상담, 자살예방, 알코올중독예방 등",02-2600-5926,
전라북도,익산시,익산시정신건강복지센터,건강증진,전라북도 익산시 무왕로 975,35.96098753,126.9664376,"정신건강증진사업, 아동청소년 정신보건사업, 자살예방사업",063-841-4235,
경기도,남양주시,호평건강생활지원센터,건강증진,경기도 남양주시 호평로68번길 21,37.65456666,127.2489491,"만성질환 예방관리, 건강생활실천 상담, 교육프로그램 운영",031-590-8084,
경기도,남양주시,화도건강생활지원센터,건강증진,경기도 남양주시 화도읍 비룡로 59,37.65784817,127.3007103,"만성질환 예방관리, 건강생활실천 상담, 교육프로그램 운영",031-590-8434,
경기도,군포시,군포시정신복지센터(부설)자살예방센터,정신보건,경기도 군포시 군포로 221,37.3330901,126.9254149,"만성정신장애인 관리, 정신건강사업, 주간재활 프로그램운영, 자살예방사업, 아동청소년정신건강사업,생명존중 및 노인자살예방사업",031-461-1771,
충청남도,보령시,보령시보건소 건강증진센터,건강증진,충청남도 보령시 남포면 보령남로 234,36.32450916,126.6023712,"개인 운동상담 및 체성분 측정, 영양상담, 건강상담",041-930-5980,
서울특별시,중랑구,중랑구정신건강복지센터,정신보건,서울특별시 중랑구 면목로 238,37.5739185,127.0851055,중증정신질환자 등록 및 사례관리아동청소년 정신건강사업정신장애인 재활프로그램 운영정신건강상담,02-2276-7000,
강원도,인제군,인제군 정신건강증진센터,정신보건,강원도 인제군 인제읍 인제로 140번길 34,38.06327706,128.1685854,"정신건강증진센터운영(정신장애인 사회재활, 아동청소년 정신보건사업) 및 자살예방사업",033-461-2425,
울산광역시,중구,울산중구정신건강복지센터,정신보건,울산광역시 중구 외솔큰길 225,35.569483,129.350445,"중증정신건강사업, 자살예방사업, 아동 청소년 정신건강증진사업",052-292-2900,
울산광역시,중구,울산중구정신건강복지센터,정신보건,울산광역시 중구 외솔큰길 225,35.569483,129.350445,"중증정신건강사업, 자살예방사업, 아동 청소년 정신건강증진사업",052-292-2900,
경기도,이천시,이천시정신건강복지센터,정신보건,경기도 이천시 이섭대천로 1119(증일동) 2층,37.27052428,127.4454563,"정신건강증진, 아동청소년정신건강증진사업, 자살예방사업",031-637-2330,
경상남도,산청군,산청군 정신건강복지센터,정신보건,경상남도 산청군 산청읍 중앙로 97,35.41608206,127.8842381,"정신건강사업, 자살예방사업",055-970-7637,
부산광역시,강서구,부산광역시강서구정신건강복지센터,정신보건,"부산광역시 강서구 공항진입로 8, ㈜제이슨인터네셔날 2층",35.18133851,128.9575791,자살예방 및 정신건강증진 사업 등,051-973-3418,
경기도,광명시,광명시시민건강증진센터,건강증진,경기도 광명시 광명로 942-1,37.48278046,126.8562947,"건강기초검사, 상담, 어린이 건강체험관, 어르신 운동 프로그램 운영",02-2680-0967,
경기도,고양시,건강생활지원센터 고양,건강증진,경기도 고양시 덕양구 혜음로 19-11,37.7025182,126.9011953,"건강마을 만들기, 대사증후군 등록관리, 생애주기별 비만예방 프로그램",031-8075-4823,
경상남도,거창군,거창군정신건강복지센터,건강증진,경상남도 거창군 거창읍 거함대로 3079,35.6809363,127.8987274,"정신질환대상자 등록 관리, 주간재활프로그램 운영, 지역주민 정신건강상담 및 지원, 자살예방사업 등",055-940-8383,
전라남도,영광군,영광군정신건강복지센터,정신보건,전라남도 영광군 영광읍 신남로4길17,35.274681,126.504163,"정신질환자 사례관리및 상담 교육, 정신질환자 사회복귀을 위한 프로그램",061-350-4807,
전라남도,광양시,광양시건강증진센터,건강증진,전라남도 광양시 광양읍 인덕로 1100,34.98097674,127.5836111,"건강증진사업, 모바일헬스케어, 워크온",061-797-4103,
전라남도,광양시,광양시 정신건강복지센터,정신보건,전라남도 광양시 광양읍 인덕로 1100,34.98097674,127.5836111,"중증정신질환자 관리사업, 아동청소년 정신건강증진사업, 자살예방사업 등",061-797-3746,
전라남도,광양시,광양시치매안심센터,정신보건,전라남도 광양시 광양읍 호북길 13-3,34.98010194,127.5836111,"치매상담, 치매등록, 치매조기검진, 치매예방프로그램, 공공후견인사업, 치매안심마을, 치매인식개선 홍보, 지역 치매네크워크 구축, 치매환자 약제비 지원, 조호물품지급, 쉼터운영, 치매가족지원",061-797-4059,
경상북도,청도군,청도군건강증진센터,건강증진,경상북도 청도군 화양읍 청화로 79-11,35.64862487,128.7372615,"수영장, 헬스장운영",054-370-2669,
서울특별시,중구,중구정신건강복지센터,정신보건,서울특별시 중구 서소문로6길 16,37.559432,126.9662595,"중증 정신질환자 등록 관리사업,영유아 아동청소년 지원사업주민정신건강증진사업생명사랑사업 등",02-2236-6606,
경상북도,문경시,문경시정신건강복지센터,정신보건,경상북도 문경시 신흥로 165,36.59576737,128.2023884,"중증 정신질환자 관리사업, 정신건강증진·환경 조성사업, 자살예방사업",054-554-0802,
경기도,양평군,양평군 건강관리중앙센터,건강증진,"경기도 양평군 양평읍 마유산로 7, 보건소 뒤",37.49761932,127.486322,"운동, 질환, 영양, 심뇌혈관",031-770-2273,
경기도,양평군,양평군 건강관리서부센터,건강증진,"경기도 양평군 양서면 북한강로 38, 에코힐링센터내 3층",37.54711021,127.3215219,"운동, 질환, 영양, 심뇌혈관",031-770-3447,
경기도,양평군,양평군 건강관리동부센터(추가),건강증진,경기도 양평군 용문면 용문로 391 양평 동부청소년문화의집 내  3층,34.48702946,127.5958947,"운동, 질환, 영양, 심뇌혈관",031-770-3494,
대전광역시,서구,서구 보건소 건강증진센터,건강증진,대전광역시 서구 만년로 74,36.367062,127.3810998,"체성분 검사, 운동처방 운동프로그램",042-288-4545,
대전광역시,서구,서구 관저보건지소 건강증진센터,건강증진,대전광역시 서구 구봉산북로 300,36.301037,127.345007,"체성분 검사, 운동처방 운동프로그램",042-288-4634,
경기도,가평군,건강증진센터,건강증진,경기도 가평군 가평읍 가화로 155-9,37.8329564,127.5112146,"신체활동, 영양업무",031-580-2833,
대구광역시,남구,대구남구정신건강복지센터,정신보건,대구광역시 남구 영선길 34,35.853883,128.5915237,"중증정신질환자관리사업, 아동청소년정신보건사업, 자살예방사업, 정신건강증진사업",053-628-5863,
경상남도,밀양시,건강드림센터,건강증진,경상남도 밀양시 삼문중앙로 41,35.485619,128.756009,"맞춤 운동처방 및 영양상담, 지역특화 건강증진, 만성질환 관리 프로그램 운영",055-359-7056,
전라북도,정읍시,시민(어르신)건강증진센터,건강증진,전라북도 정읍시 수성1로 61,35.5779812453,126.8545209615,"만성질환건강상담,운동상담,영양상담,시민건강증진교육",063-539-6088,
부산광역시,북구,부산북구정신건강복지센터,정신보건,부산광역시 북구 만덕대로89번길 9(덕천동) 북구보건소 덕천지소 3층,35.2127675,129.0144018,"정신건강증진및재활, 생명존중자살예방, 아동청소년정신건강증진",051-334-3200,
강원도,강릉시,남부건강생활지원센터,건강증진,강원도 강릉시 성덕포남로 80-22,37.76324924,128.9188369,"모바일헬스케어사업, 소생활권맞춤형건강증진사업, 심뇌혈관질환예방관리사업, 한의약건강증진사업, 건강한성덕동만들기",033-660-2483,
강원도,태백시,태백시건강증진센터,건강증진,강원도 태백시 태백로 905,37.176676,128.9924305,건강증진,033-550-3039,
인천광역시,중구,중구정신건강복지센터,정신건강증진,인천광역시 중구 참외전로72번길 21,37.47721729,126.6291077,"정신건강사업, 생명피움사업, 종합자가검진 및 상담제공",032-760-6090,
충청북도,청주시,상당정신건강복지센터,정신보건,충청북도 청주시 상당구 남일면 단재로 480,36.5882642096,127.5059388388,"정신건강, 질병예방, 건강관리",043-298-0199,
충청북도,청주시,서원정신건강복지센터,정신보건,충청북도 청주시 서원구 구룡산로 235,36.61602197,127.4713297,"정신건강, 질병예방, 건강관리",043-291-0199,
충청북도,청주시,흥덕정신건강복지센터,정신보건,충청북도 청주시 흥덕구 비하로15번길 16,36.62858039,127.4242658,"정신건강, 질병예방, 건강관리",043-234-8686,
충청북도,청주시,청원정신건강복지센터,정신보건,충청북도 청주시 청원구 오창읍 과학산업3로 238,36.71040553,127.4304724,"정신건강, 질병예방, 건강관리",043-215-6868,
경기도,파주시,파주시정신건강복지센터,정신보건,경기도 파주시 조리읍 봉천로 68,37.74507915,126.8050097,정신질환예방 및 정신질환자 등록 관리,031-942-2117,
경상북도,울진군,울진군보건소,건강증진,경상북도 울진군 울진읍 읍내8길 61-8,36.99621755,129.4045994,"운동지도(운동, 운동실 기구이용), 영양상담(체지방측정 대사증후군)",054-789-5081,
인천광역시,미추홀구,건강증진120센터,건강증진,인천광역시 미추홀구 한나루로 444,37.44658054,126.667441,건강측정 및 건강상담,032-880-7475,
인천광역시,미추홀구,건강증진120센터,건강증진,인천광역시 미추홀구 소성로 339,37.43768332,126.6850043,건강측정 및 건강상담,032-728-6513,
인천광역시,미추홀구,건강증진120센터,건강증진,인천광역시 미추홀구 석정로 464,37.4658875,126.687304,건강측정 및 건강상담,032-861-9788,
인천광역시,미추홀구,건강증진120센터,건강증진,인천광역시 미추홀구 인주대로 198,37.45480121,126.658576,건강측정 및 건강상담,032-728-6177,
인천광역시,미추홀구,건강체력증진센터,건강증진,인천광역시 미추홀구 주안서로 52,37.46346603,126.678076,체력검사 및 맞춤운동프로그램 운영,032-876-0321,
서울특별시,영등포구,영등포구 정신건강복지센터,정신보건,서울특별시 영등포구 당산로 123(당산동3가),37.52596316,126.8963671,"정신건강 고위험군 조기발견 및 조기개입, 생애주기별 정신건강 예방사업, 정신건강 취약지역 사업자살위기개입 및 관리",02-2670-4793,
경기도,양주시,양주시 동부 건강생활지원센터,건강증진,경기도 양주시 화합로1426번길 90,37.83814235,127.0680351,통합건강증진사업 업무,031-8082-4341,
경기도,양주시,양주시 서부 건강생활지원센터,건강증진,경기도 양주시 광적면 부흥로 618번길 303,37.81249951,126.9723084,통합건강증진사업 업무,031-8082-4372,
경기도,수원시,수원시행복정신건강복지센터,정신보건,경기도 수원시 장안구 송원로 101,37.30402833,127.0103129,수원시마음건강 지원 사업 생애주기별 정신건강증진 및 질환예방사업 등 수원시 정신건강 비젼 및 계획수립,031-253-5737,
경기도,수원시,수원시아동청소년정신건강복지센터,정신보건,경기도 수원시 팔달구 동말로47번길 17,37.27939629,126.9993939,지역 내 아동 청소년 정신보건사업 기획 조기중재사업 평가사업,031-242-5738,
경기도,수원시,수원시성인정신건강복지센터,정신보건,경기도 수원시 팔달구 매산로 89,37.27049849,127.0106742,중증정신 질환 관리 정신건강 증진사업,031-247-0888,
경기도,수원시,수원시자살예방센터,정신보건,경기도 수원시 팔달구 동말로47번길 17,37.27939629,126.9993967,수원시 자살예방사업 종합계획 수립 자살 고위험군 등록관리 및 치료지원,031-247-3279,
울산광역시,울주군,울주군정신건강복지센터,정신보건,울산광역시 울주군 삼남면 서향교1길 67-12,35.5583314,129.113771,"중증정신질환자관리, 정신건강증진, 자살예방사업, 아동청소년 정신건강증진 등",052-262-1148,
울산광역시,울주군,울주군정신건강복지센터,정신보건,울산광역시 울주군 삼남면 서향교1길 67-12,35.5583314,129.113771,"중증정신질환자관리, 정신건강증진, 자살예방사업, 아동청소년 정신건강증진 등",052-262-1148,
경상북도,영덕군,영덕군정신건강복지센터,정신보건,경상북도 영덕군 영덕읍 경동로 8367,36.4181557591,129.3676308742,"정신건강증진사업, 중증정신질환관리사업, 생명존중(자살예방)사업, 정신보건 환경조성사업",054-730-7161,
경기도,평택시,평택시정신건강복지센터,정신보건,경기도 평택시 평택5로56,36.99089576,127.1119697,정신건강증진 및 자살예방사업,031-658-9818,
경기도,평택시,포승건강생활지원센터,건강증진,경기도 평택시 포승읍 여술로47,36.98936154,126.847404,"금연, 운동관리",031-8024-8660,
경기도,평택시,평택시건강증진센터,건강증진,경기도 평택시 평택5로 56,36.99089531,127.1119719,"통합건강상담실, 어린이건강체험관, 재활운동실, 로봇보행재활실 운영",031-8024-4414,
대전광역시,중구,대전광역시중구정신건강복지센터,정신보건,대전광역시 중구 수도산로 15,36.3203561,127.4258843,"중증정신질환자관리, 자살예방 및 정신건강증진사업, 아동청소년 정신건강증진사업",042-257-9930,
경기도,수원시,수원시중독관리통합지원센터,정신보건,경기도 수원시 팔달구 매산로 89,37.27049849,127.0106742,알코올 및 기타중독자의 발견 및 등록사업 가족전화 내방상담 교육,031-256-9478,
경기도,수원시,수원시노인정신건강복지센터,정신보건,경기도 수원시 영통구 영통로 396,37.2568828,127.0697108,노인정신건강 서비스 대상자 등록 및 관리 의뢰체계 구축 노인정신질환 관련 프로그램 운영,031-273-7524,
경기도,남양주시,오남건강생활지원센터,건강증진,경기도 남양주시 오남읍 진건오남로 806-34,37.69857596,127.2048422,"만성질환 예방관리, 건강생활실천 상담, 교육프로그램 운영",031-590-8501,
경기도,남양주시,와부건강생활지원센터,건강증진,경기도 남양주시 와부읍 월문천로 35,37.58551455,127.2163294,"만성질환 예방관리, 건강생활실천 상담, 교육프로그램 운영",031-590-4394,
경기도,남양주시,별내건강생활지원센터,건강증진,경기도 남양주시 별내3로 64-21,37.64616741,127.1218817,"만성질환 예방관리, 건강생활실천 상담, 교육프로그램 운영",031-590-8188,
경기도,남양주시,다산건강생활지원센터,건강증진,경기도 남양주시 다산중앙로 7,37.613928,127.1555493,"만성질환 예방관리, 건강생활실천 상담, 교육프로그램 운영",031-590-8580,
충청남도,부여군,부여군 건강재활센터,건강증진,충청남도 부여군 부여읍 성왕로 205,36.28305231,126.9093363,"장애인 등록관리 및 재활서비스 제공, 장애인 재활치료 및 사회참여 프로그램, 원스톱 건강관리 클리닉 및 운동처방실 운영, , 대사증후군 건강관리 운동교실 운영 등",041-830-8732,
충청남도,부여군,오석산정신요양원,정신보건,충청남도 부여군 부여읍 청마로 61,36.28025591,126.9518851,만성정신질환자 입소 관리,041-835-5900,
충청남도,부여군,부여군 정신건강복지센터,정신보건,충청남도 부여군 부여읍 성왕로 205,36.28305231,126.9093363,"지역사회 정신건강증진사업, 자살예방사업 등",041-830-8626,
서울특별시,서초구,건강증진센터,건강증진,서울특별시 서초구 남부순환로 2584,37.48362486,127.0326987,"신체활동사업(체성분, 체력측정에 따른 운동상담) 영양사업(영양플러스, 영양상담)",02-2155-8074,
전라북도,부안군,부안군정신건강복지센터,정신보건,전라북도 부안군 부안읍 오리정로 124,35.72283463,126.7355916,"중증정신질환자관리사업, 정신건강증진사업, 자살예방사업 등",063-581-5830,
부산광역시,연제구,건강체험실,건강증진,부산광역시 연제구 연제로2,35.17621174,129.0797456,구민 건강증진프로그램 운영,051-665-4818,
충청남도,서천군,서천군주민건강센터,건강증진,충청남도 서천군 서천읍 사곡길 26,36.08213429,126.6894386,"운동관리, 영양관리, 비만관리",041-950-6748,
대구광역시,동구,동구정신건강복지센터,정신보건,대구광역시 동구 동촌로 79,35.88812099,128.6512343,"정신건강증진, 자살예방사업",053-983-8340,
전라북도,순창군,순창건강증진센터,건강증진,전라북도 순창군 순창읍 순창5길11-6,35.37279371,127.1407559,"운동처방, 건강증진",063-650-5256,
서울특별시,광진구,광진구정신건강복지센터,정신보건,"서울특별시 광진구 긴고랑로 110, 4층",37.55933773,127.0870912,"중증정신질환자 등록 사례관리 및 재활프로그램운영, 생애주기별 정신건강사업, 정신건강상담, 지역주민 심리지원",02-450-1895,
대전광역시,대덕구,대덕구남부건강생활지원센터,건강증진,대전광역시 대덕구 동춘당로187,36.36720857,127.4308384,주민참여기반의 건강증진사업,042-608-4474,
경상북도,안동시,안동시주민건강지원센터,건강증진,경상북도 안동시 서동문로 165,36.5669986,128.7302562,"만성질환관리, 금연클리닉, 영양플러스, 건강증진실, 구강보건, 방문보건업무 등 건강증진프로그램 운영",054-840-5997,
경기도,의왕시,의왕시정신건강복지센터,정신보건,"경기도 의왕시 오봉로34, 의왕시보건소 별관 1층",37.34378796,126.9719938,"생명사랑프로젝트사업, 노인자살예방사업, 청년정신건강증진사업, 치료비지원사업 등",031-458-0682,
경기도,구리시,구리시정신건강증진센터,건강증진,경기도 구리시 건원대로 34번길 84,37.604755,127.145063,"기초정신건강증진센터 운영, 정신질환자 치료비지원 사업, 아동청소년 정신건강증진, 자살예방사업",031-523-8614,
강원도,삼척시,삼척시정신건강복지센터,정신보건,강원도 삼척시 척주로 76,37.4437523,129.1722129,자살예방 및 정신건강증진사업,033-574-0190,
충청북도,괴산군,괴산군정신건강복지센터,정신보건,"충청북도 괴산군 괴산읍 동진천길 43, 2층",36.80799723,127.7966873,"정신건강증진사업, 자살예방사업, 만성정신질환자관리사업, 아동청소년정신건강증진사업",043-832-0330,
경상북도,경주시,경주시정신건강증진센터,정신보건,경상북도 경주시 양정로 300,35.85948296,129.224632,"중증정신질환관리사업, 정신건강증진사업, 아동청소년 정신건강증진사업, 자살예방 및 정신건강증진사업, 정신보건환경조성사업, 통합정신건강증진사업",054-741-2300,
충청북도,음성군,음성군 건강증진센터,건강증진,충청북도 음성군 음성읍 중앙로 49,36.92884607,127.6888780885,운동기구를 활용한 체력단련,043-871-2089,
강원도,홍천군,건강생활지원센터,건강증진,강원도 홍천군 북방면 상화계2길 17,37.70603484,127.8542579,북방면 건강증진프로그램 운영,033-430-4132,
전라북도,남원시,남원시 보건소 주민건강증진센터,건강증진,전라북도 남원시 요천로 1285,35.39783988,127.3639897,"금연, 절주, 영양, 신체활동, 비만 등맞춤형 건강상담 및 교육",063-620-7987,
충청남도,금산군,금산군정신건강복지센터,건강증진,충청남도 금산군 금산읍 금산로 1559,36.112082,127.491624,"만성정신질환자관리, 자살예방사업, 아동청소년 정신건강사업",041-751-4721,
경상남도,함양군,함양군건강증진센터,건강증진,경상남도 함양군 함양읍 한들로 139,35.51955171,127.7314751,"정신, 재활사업",055-960-8060,
충청남도,예산군,예산군보건소 건강증진센터,건강증진,충청남도 예산군 예산읍 군청로 22,36.68088054,126.8448507,"건강증진사업, 건강상담",041-339-6080,
충청남도,예산군,예산군정신건강복지센터,정신보건,충청남도 예산군 예산읍 군청로 22,36.68088054,126.8448507,"정신건강증진사업, 자살예방사업",041-339-6111,
충청남도,예산군,예산정신요양원,정신보건,충청남도 예산군 예산읍 간양길 258,36.72533069,126.8784205,만정 정신질환자 요양 및 보호,041-334-7951,
울산광역시,동구,울산광역시동구정신건강증진센터,정신보건,울산광역시 동구 봉수로 155,35.50506971,129.4164300357,"만성정신질환자관리, 지역주민 정신건강증진, 아동청소년정신보건, 자살예방사업",052-209-1040,
부산광역시,금정구,금정구 건강생활지원센터,건강증진,부산광역시 금정구 서동로175번길 41-5,35.21544759,129.1074473,"만성질환관리를 위한 건강상담실 운영, 체력단련실 및 재활운동실 운영, 건강증진 프로그램 및 건강동아리 운영 등",051-519-5481,
부산광역시,금정구,장전2동 건강생활지원센터,건강증진,부산광역시 금정구 금정로 29-6,35.2274584,129.0855712,"만성질환관리를 위한 건강상담실 운영, 체력단련실 운영, 건강증진 프로그램 및 건강동아리 운영 등",051-519-5801,
광주광역시,서구,서구정신건강복지센터,정신보건,광주광역시 서구 운천로 172번길 32,35.1481692,126.8601743,"중증정신질환자관리사업, 자살예방사업, 아동청소년 정신건강관리사업, 정신건강증진사업",062-350-4195,
경상남도,거제시,정신건강복지센터,정신보건,경상남도 거제시 수양로 506,34.8916875668,128.6365603847,정신건강사업자살예방사업,055-639-6119,
충청북도,제천시,제천시보건소 건강증진센터,건강증진,충청북도 제천시 의림대로 242,37.1493417,128.2160865,"대사증후군관리, 영양관리, 맞춤형 신체활동관리",043-641-3043,
충청북도,제천시,용두건강생활지원센터,건강증진,충청북도 제천시 용두대로17길8,37.1423157,128.2003609,"신체활동사업,영양사업,구강보건사업, 만성질환예방관리사업등",043-641-3282,
서울특별시,양천구,양천구 정신건강복지센터,정신보건,서울특별시 양천구 목동서로 339(신정동),37.517794,126.865739,"만성정신질환자 관리사업, 정신건강증진사업, 아동청소년 정신건강특화사업",02-2061-8881,
전라남도,순천시,순천시 정신건강복지센터,정신보건,전라남도 순천시 중앙로 232 순천시 보건소 2층,34.96667705,127.4860726,정신건강 복지,061-749-6695,
전라남도,순천시,순천시치매안심센터,건강증진,전라남도 순천시 중앙로 232,34.96667705,127.4860726,"치매예방, 상담, 조기진단, 보건복지 자원연계 및 교육 등 통합관리",061-749-8888,
인천광역시,서구,완정건강생활지원센터,건강증진,"인천광역시 서구 청마로167번길 19 (당하동, 2층)",37.59210105,126.6746306,"영양관리, 대사증후군관리, 비만, 금연관리, 임산부관리, 구강건강, 건강강좌, 재활보건사업",032-718-0530,
인천광역시,서구,석남건강생활지원센터,건강증진,인천광역시 서구 길주로 79,37.50672637,126.670879,"영양관리, 대사증후군관리, 비만, 금연관리, 임산부관리, 구강건강, 건강강좌, 어린이건강체험관",032-718-0552,
인천광역시,서구,가좌건강생활지원센터,건강증진,인천광역시 서구 건지로284번길 60,37.49392982,126.6730183,"영양관리, 대사증후군관리, 비만, 금연관리, 임산부관리, 구강건강, 건강강좌",032-718-0570,
인천광역시,서구,검단건강생활지원센터,건강증진,인천광역시 서구 완정로 214,37.60359356,126.6529551,"영양관리, 대사증후군관리, 비만, 금연관리, 임산부관리, 구강건강, 건강강좌",032-560-5080,
서울특별시,강동구,강동구정신건강복지센터,정신보건,서울특별시 강동구 성내로 45,37.52954199,127.125597,"중증사례관리사업, 아동청소년사업, 우울자살예방사업, 지역환경조성사업",02-471-3223,
충청남도,서산시,서산시보건소 건강증진센터,건강증진,충청남도 서산시 호수공원 6로 6,36.77457668,126.4445156,"기초튼튼운동, 요통예방운동, 대사증후군개선운동, 비만관리, 영양관리, 건강상담",041-661-8106,
부산광역시,사상구,사상구건강증진센터,건강증진,부산광역시 사상구 가야대로196번길 51,35.14744572,128.9948744,"체성분 측정 및 운동 처방, 혈압혈당측정 및 상담, 금연클리닉 등",051-310-3393,
강원도,춘천시,춘천시민건강증진센터,건강증진,강원도 춘천시 중앙로 131,37.875777,127.720819,"체성분측정, 체력측정, 운동상담, 영양상담, 비만클리닉, 건강증진 프로그램 운영",033-250-4693,
부산광역시,부산진구,부산진구 건강증진센터,건강증진,부산광역시 부산진구 시민공원로 30,35.16282985,129.0531867,"건강증진사업, 정신건강복지센터, 영양상담실, 금연클리닉, 만성질환관리실, 체력측정실",051-605-5941,
부산,중구,건강생활지원센터,건강증진,부산 중구 흑교로48,35.103775,129.025356,"건강측정, 상담 및 프로그램 운영",051-600-4721,
세종특별자치시,조치원읍,세종시정신건강복지센터,정신보건,세종특별자치시 조치원읍 대첩로 32,36.596515,127.292804,정신건강증진 및 자살예방사업,044-865-5255,
서울특별시,관악구,관악구정신건강복지센터,정신보건,서울특별시 관악구 관악로 145,37.47820977,126.9515032,"중증정신질환관리, 아동청소년정신건강관리, 정신건강증진, 자살예방사업",02-879-4911,
부산광역시,동구,부산동구정신건강복지센터,정신보건,부산광역시 동구 구청로 1,35.1292975675,129.0452982033,"자살예방 및 정신건강증진, 중증정신질환자관리, 재난정신건강지원 등",051-911-4600,
경상북도,구미시,구미시정신건강복지센터,정신보건,경상북도 구미시 선산대로 111,36.13993105,128.3459831,"중증정신질환자 관리, 자살예방, 아동정신건강관리",054-444-0199,
경상북도,구미시,구미중독관리통합지원센터,정신보건,경상북도 구미시 검성로 115,36.11857165,128.4314026,"알코올, 마약, 게임 중독관리",054-474-9791,
강원도,철원군,건강증진센터,건강증진,강원도 철원군 갈말읍 군탄로 16,38.1481382,127.3025602,"건강증진상담 및 교육, 운동프로그램운영",033-450-5123,
강원도,고성군,고성군정신건강복지센터,정신보건,강원도 고성군 간성읍 수성로 30,38.37761662,128.472194,자살예방 및 정신건강증진,033-680-4001,
경상남도,창원시,마산정신건강복지센터,정신보건,경상남도 창원시 마산합포구 월영동북로 15,35.182399,128.562899,"중증정신질환자 관리, 자살예방 및 정신건강증진, 아동청소년정신건강증진",055-225-6032,
경상남도,창원시,진해구건강증진센터,건강증진,경상남도 창원시 진해구 진해대로 1101,35.131433,128.71016,"개인맞춤형 운동처방실, 건강증진프로그램 운영",055-225-6187,
경상남도,창원시,창원정신건강복지센터,정신보건,경상남도 창원시 성산구 중앙대로162번길 9,35.227852,128.685536,정신건강증사업 및 자살예방사업,055-287-1223,
경상남도,창원시,진해정신건강복지센터,정신보건,경상남도 창원시 진해구 중원동로 62,35.149898,128.661939,"중증정신질환관리, 자살예방 및 정신건강증진, 아동청소년정신건강증진",055-225-6691,
전라남도,고흥군,고흥군 보건소 건강증진센터,정신보건,전라남도 고흥군 고흥읍 등암3길 5,34.5919855,127.2692469,"기초체력 및 체성분 측정 건강 및 영양, 신체활동 상담 지도 등",061-830-6635,
전라남도,목포시,목포시 보건소 건강증진센터,건강증진,전라남도 목포시 원산로 45번길 5,34.80442532,126.3737232,운동상담_영양상담_금연상담,061-270-4000,
전라북도,진주시,전라북도정신건강복지센터,정신보건,"전라북도 진주시 덕진구 정여립로 1115, 4층",35.848855,127.084693,"정신건강증진사업, 정신사회재활사업,자살예방사업, 응급개입팀 운영",063-251-0650,
인천광역시,동구,동구보건소 건강증진센터,건강증진,인천광역시 동구 석수로 90,37.48304084,126.6259351,"금연,절주 홍보 및 예방교육,공중이용시설점검,금연클리닉 운영,담배소매점의 청소년 담배판매 모니터링 ,비만관리,노인체조교실 ,주민걷기프로그램 ,비만스크리닝 및 영양상담 식사일지 작성,분석상담비만관리에 따른 영양상담비만관리",032-770-5736,
경상북도,영천시,영천시정신건강복지센터,정신보건,경상북도 영천시 조양공원길 21,35.966608,128.9322974,정신건강관리,054-331-6770,
전라남도,완도군,완도군정신건강복지센터,정신보건,전라남도 완도군 완도읍 농공단지길34,34.33582329,126.731327,"정신건강복지사업, 자살예방사업",061-550-6745,
경상북도,봉화군,건강증진실,건강증진,경상북도 봉화군 봉화읍 봉화로 1203,36.89071878,128.7418543,건강증진,054-679-6736,
경상북도,봉화군,정신건강복지센터,정신보건,경상북도 봉화군 봉화읍 거촌로 12-3,36.8909246197,128.7421580051,정신건강증진사업,054-674-1126,
광주광역시,남구,남구정신건강증진센터,정신보건,광주광역시 남구 봉선로1,35.13290539,126.902408,정신건강증진사업,062-676-8236,
충청남도,청양군,청양군정신건강증진센터,정신보건,충청남도 청양군 청양읍 칠갑산로 7길 54,36.45501978,126.8049308,자살예방 및 정신건강증진,041-940-4533,
전라북도,군산시,군산시정신건강복지센터,정신보건,전라북도 군산시 공단대로 482(나운동),35.9646059,126.6897785,"중증정신질환자 관리사업, 정신건강증진사업, 자살예방사업, 아동청소년정신보건사업",063-451-0363,
전라북도,군산시,군산시중독관리통합지원센터,정신보건,전라북도 군산시 공단대로 482(나운동),35.9646059,126.6897785,"중독상담, 중독자관리등",063-464-0061,
전라북도,전주시,전주시보건소건강증진센터,건강증진,전라북도 전주시 완산구 전라감영로 33(전주시보건소 3층),35.81584604,127.1433514,"영양, 비만, 운동, 절주 등 개인 및 소규모집단에 대한 교육, 상담분야별 지속 프로그램 운영",063-281-6335,
경상남도,양산시,정신건강복지센터,정신보건,경상남도 양산시 중앙로 7-32,35.33215753,129.0379934,"정신건강증진사업, 자살예방사업",055-367-2255,
강원도,동해시,북삼건강생활지원센터,건강증진,강원도 동해시 청운로 96,37.48852873,129.1026735,"대사증후군관리사업, 금연지원사업",033-530-2423,"대사증후군, 신체활동, 비만, 금연"
강원도,동해시,묵호건강증진센터,건강증진,강원도 동해시 발한로 227 (발한동),37.5495162,129.1081409,"심뇌혈관질환예방관리사업, 동해시치매안심센터",033-530-2426,
경기도,광주시,건강증진센터,건강증진,경기도 광주시 중앙로197,37.4168267,127.2564965,"금연업무, 건강생활실천업무, 대사증후군관리, 영양관리, 절주및비만관리 업무, 노인건강증진업무",031-760-2549,
서울특별시,동작구,동작구정신건강복지센터,정신보건,서울특별시 동작구 사당로 253-3,37.48367377,126.9758719,정신질환자 조기발견 및 관리,02-820-4072,
경기도,김포시,김포시보건소 건강증진센터,건강증진,경기도 김포시 사우중로 108(김포시보건소),37.62373439,126.7229474,"기초체력검사/ 체성분 검사 및 운동처방 상담, 지도/ 대사증후군 상담",031-980-5023,
강원도,평창군,평창군건강생활지원센터,건강증진,강원도 평창군 진부면 석두산2길 13,37.637146,128.553517,"만성질환예방관리, 운동영양관리",033-336-6128,
서울특별시,용산구,용산구 시민건강관리센터,건강증진,서울특별시 용산구 녹사평대로150,37.53245265,126.9904783,"대사증후군관리, 금연상담",02-2199-8158,
서울특별시,용산구,용산구 정신건강복지센터,정신보건,서울특별시 용산구 녹사평대로150,37.53245265,126.9904783,"중증정신질환자 사례관리,정신건강상담 등",02-2199-8340,
울산광역시,동구,울산광역시 동구보건소 건강증진센터,건강증진,울산광역시 동구 봉수로 155,35.5050697141,129.4164300357,장애인 전용 건강증진 프로그램 운영,052-209-4058,
울산광역시,동구,울산광역시동구정신건강증진센터,정신보건,울산광역시 동구 봉수로 155,35.5050697141,129.4164300357,"만성정신질환자관리, 지역주민 정신건강증진, 아동청소년정신보건, 자살예방사업",052-209-1040,
울산광역시,남구,무거건강생활지원센터,건강증진,울산광역시 남구 대학로 147번길 41-26,35.55124599,129.2596398,건강생활습관 형성지원 및 만성질환 예방관리,052-226-2345,
울산광역시,북구,울산광역시 북구보건소 건강증진센터,건강증진,"울산광역시 북구 산업로 1018, 2층건강관리센터",35.5835548619,129.3607258,만성질환 예방 및 관리,052-241-8168,
부산광역시,사하구,통합건강증진센터,건강증진,"부산광역시 사하구 하신중앙로185(신평동, 사하구제2청사)",35.09496298,128.9615461,"대사증후군 클리닉, 영양, 금연클리닉, 모바일헬스케어",051-220-5781,
부산광역시,사하구,사하구정신건강복지센터,정신보건,"부산광역시 사하구 장림번영로 41, 한국메디칼빌딩 5층(장림동)",35.08083406,128.9699332,"정신건강증진사업, 중증정신질환자관리사업, 아동청소년정신건강증진사업, 자살예방사업",051-263-8891,
전라남도,함평군,함평군통합건강관리센터,건강증진,전라남도 함평군 함평읍 중앙길 54-8,35.06189599,126.5242477,"신체활동, 영양, 비만 등 건강상담",061-320-2451,
충청남도,당진시,당진시보건소 건강증진센터,건강증진,충청남도 당진시 서부로 56,36.88735969,126.6304725,"건강상담, 금연상담, 운동체험, 건강체험",041-360-6004,
경기도,여주시,여주시정신건강복지센터,정신보건,경기도 여주시 여흥로160번길 14(상동),37.29461028,127.640392,정신건강증진 및 자살예방사업,031-886-3435,
경기도,안산시,안산시 고혈압당뇨병 등록교육센터,건강증진,경기도 안산시 상록구 차돌배기로1길 5(3층일부),37.300265,126.84504,"고혈압 당뇨병환자 등록 관리, 기본검사 및 상담 교육(기본,심화,체험,운동), 리콜리마인드서비스, 건강행태개선 인센티브 지원, 치료비 및 등록비 지원 등",031-416-9088,
경기도,화성시,웰빙건강클리닉센터(서신),건강증진,경기도 화성시 서신면 궁평항로 1702,37.1665869768,126.7087356267,생애주기별_신체활동프로그램_제공,031-5189-6482,
경기도,화성시,웰빙건강클리닉센터(서신),건강증진,경기도 화성시 서신면 궁평항로 1702,37.1665869768,126.7087356267,생애주기별_신체활동프로그램_제공,031-5189-6482,
경기도,안산시,안산시자살예방센터,정신보건,경기도 안산시 상록구 차돌배기로1길 5,37.300265,126.84504,자살예방업무,031-418-0123,
경기도,안산시,정신건강복지센터,정신보건,"경기도 안산시 단원구 화랑로 387, 구 단원보건소 1층",37.3225569017,126.8327135158,정신질환자 등록관리 및 정신건강증진 사업,031-411-7573,
경기도,안산시,중독관리통합지원센터,정신보건,"경기도 안산시 단원구 화랑로 387, 구 단원보건소 2층",37.3225569017,126.8327135158,중독자 등록관리 및 중독예방사업,031-411-8445,
서울특별시,금천구,금천구정신건강복지센터,정신보건,서울특별시 금천구 시흥대로 123길 11,37.47021905,126.897019,"중증정신질환자관리,아동청소년정신건강사업,알코올중독관리사업,자살위기대응사업",02-3281-9314,
부산광역시,서구,부산서구정신건강복지센터,정신보건,부산광역시 서구 부용로30,35.10743623,129.018061,"중증정신질환자관리사업, 정신건강증진사업, 아동청소년정신보건사업, 자살예방사업",051-246-1981,
제주특별자치도,제주시,제주시정신건강복지센터,정신보건,제주특별자치도 제주시 연삼로 264,33.49159994,126.520276,고위험군 등록 및 사례관리. 재활프로그램 운영. 자살유가족 서비스. 상담 및 교육 홍보 등,064-728-4074,
제주특별자치도,제주시,제주중독관리통합지원센터,정신보건,제주특별자치도 제주시 서사로 184,33.49593437,126.5194874,중독조기발견 및 개입서비스. 중독질환 관리.  중독폐혜 예방교육 및 홍보 등,064-759-0911,
전라남도,무안군,남악 건강생활지원센터,건강증진,전라남도 무안군 삼향읍 남악3로 40(2층),34.80941832,126.4610002263,"건강생활실천, 만성질환관리, 여성과 어린이건강관리, 지역거버넌스 구축",061-450-5001,
전라남도,해남군,해남건강누리센터,건강증진,전라남도 해남군 해남읍 해남로 46,34.57046123,126.6120439,"운동·영양상담, 금연상담, 체력단련",061-531-3786,
서울특별시,은평구,은평구정신건강복지센터,정신보건,서울특별시 은평구 연서로 34길 11,37.62156914,126.9276195,"정신건강 교육 및 홍보, 고위험군 발견 및 연계, 전문 상담 및 관리",02-351-8680,
강원도,횡성군,횡성군정신건강복지센터,정신보건,강원도 횡성군 횡성읍 횡성로 379,37.4871296,127.9844504,"중증정신질환자관리 및 자살예방사업, 신규정신질환자 발굴 및 프로그램 운영",033-345-9901,
강원도,원주시,원주시정신건강복지센터,정신보건,강원도 원주시 원일로 139,37.3515821,127.9467619,"정신질환관리, 지역주민 정신건강증진, 아동청소년 정신건강증진, 자살예방사업 등",033-746-0199,
경기도,동두천시,동두천시정신건강복지센터,정신보건,경기도 동두천시 중앙로 167,37.89661147,127.051717,"중증전신질환관리,자사예방,정신건강증진,환경조성및인식개선 업무",031-863-3632,
경기도,동두천시,동두천요양원(정신요양시설),정신보건,경기도 동두천시 평화로3208번길 43-15,37.97388525,127.0688704,"생활,심리,사회,교육,직업재활 업무",031-867-9820,
서울특별시,성북구,성북구정신건강복지센터,정신보건,"서울특별시 성북구 화랑로 63, 6층",37.60270967,127.0395315,"초발,중증정신질환자관리, 아동청소년정신건강관리,우울자살예방, 알코올중독관리 및 예방, 정신건강증진환경 조성, 코로나 관련 자가격리자 상담",02-2241-6313,
서울특별시,서대문구,건강관리센터,건강증진,서울특별시 서대문구 연희로242,37.5786098,126.9362749,대사증후군관리,02-330-8727,
강원도,양양군,양양군정신건강복지센터,정신보건,강원도 양양군 양양읍 양양로 9-5,38.07784528,128.6274871,"만성정신질환자관리, 정신건강증진사업, 생명존중사업",033-670-1730,
인천광역시,강화군,건강증진센터,건강증진,인천광역시 강화군 강화읍 충렬사로 26-1,37.73723039,126.4847095,"체력측정실, 비만영양클리닉, 금연클리닉, 운동체험실운영",032-930-4075,
제주특별자치도,서귀포시,시민건강증진센터,건강증진,제주특별자치도 서귀포시 남원읍 태위로 527,33.27562882,126.7034172,장비이용 체력단련. 체성분 측정. 건강영양상담.,064-760-6121,
제주특별자치도,서귀포시,건강증진센터,건강증진,제주특별자치도 서귀포시 대정읍 최남단해안로15번길 12,33.21867302,126.2532449,장비이용 체력단련. 체성분 측정. 건강상담,064-760-6226,
제주특별자치도,서귀포시,주민건강증진센터,건강증진,제주특별자치도 서귀포시 중앙로101번길 52(서홍동),33.2534258,126.5553625,장비이용 체력단련. 체성분 측정. 건강영양상담.,064-760-6094,
제주특별자치도,서귀포시,정신건강복지센터,정신보건,제주특별자치도 서귀포시 중앙로101번길 52(서홍동),33.2534258,126.5553625,재활프로그램 운영 및 정신건강상담. 정신질환자 사례관리,064-760-6553,
제주특별자치도,서귀포시,중독관리통합지원센터,정신보건,제주특별자치도 서귀포시 중앙로101번길 52(서홍동),33.2534258,126.5553625,중독관련 상담. 사례관리. 재활프로그램 운영,064-760-6552,
경기도,안성시,안성시보건소 건강증진센터,건강증진,경기도 안성시 강변로74번길 18,37.0001476,127.2698156,"체성분측정, 혈압, 혈당, 콜레스테롤 측정, 만성질환교육, 영양교육, 비만교육, 신체활동 교육",031-678-5756,
서울특별시,송파구,송파건강증진센터,건강증진,서울특별시 송파구 올림픽로 326,37.514469,127.1058587,일반종합검진,02-2147-3539,
서울특별시,송파구,송파건강관리센터,건강증진,서울특별시 송파구 올림픽로 326,37.51447565,127.1058587,"1차 진료, 운동, 영양, 금연, 치매,대사증후군 관리서비스 제공",02-2147-3456,
경기도,연천군,연천군건강증진센터,건강증진,경기도 연천군 전곡읍 은대성로 95,38.02353445,127.0609628,"영양상담, 운동처방",031-839-4178,
경상북도,울릉군,울릉군 통합건강증진실,건강증진,경상북도 울릉군 울릉읍 울릉순환로 396-18,37.48590672,130.8994626,"통합건강증진사업(금연, 절주, 신체활동, 영양구강, 심뇌혈관질환예방관리, 아토피천식, 여성어린이특화, 재활, 방문건강관리 등), 기초건강측정(혈압, 혈당, 염도, CO)",054-790-6826,
전라북도,고창군,고창군정신건강복지센터,정신보건,전라북도 고창군 고창읍 전봉준로 90,35.4437625509,126.6832504419,"중증정신질환자관리사업, 정신건강증진사업, 아동청소년 정신건강증진사업, 자살예방 심리치유지원사업",063-563-8751,
대전광역시,유성구,유성구 보건소 건강증진센터,건강증진,대전광역시 유성구 유성대로 730번길 51,36.3581253,127.3354682,"개인별 맞춤형 운동처방, 대사증후군관리,비만,영양관리, 신체활동 교육, 체성분검사, 운동상담 등",042-611-5096,
대전광역시,서구,서구보건소 건강증진센터,건강증진,대전광역시 서구 만년로 74,36.3670619,127.3810998,"개인별 맞춤형 운동처방, 대사증후군관리,비만,영양관리, 신체활동 교육, 체성분검사, 운동상담 등",042-288-4673,
대전광역시,서구,관저보건지소 건강증진센터,건강증진,대전광역시 서구 구봉산북로 300,36.3010372,127.3450071,"개인별 맞춤형 운동처방, 대사증후군관리,비만,영양관리, 신체활동 교육, 체성분검사, 운동상담 등",042-288-4634,
대전광역시,동구,동구보건지소 건강증진지원센터,건강증진,대전광역시 동구 현암로 22(삼성동),36.3429869594,127.4204616889,"개인별 맞춤형 운동처방, 비만, 신체활동 교육, 체성분검사, 운동상담 등",042-636-7629,
대전광역시,대덕구,대덕구 보건소 건강생활지원센터,건강증진,대전광역시 대덕구 동춘당로 187,36.3672076725,127.4308386054,"개인별 맞춤형 운동처방, 대사증후군관리,비만,영양관리, 신체활동 교육, 체성분검사, 운동상담 등",042-608-4474,
전라남도,장성군,장성군정신건강복지센터,건강증진,전라남도 장성군 장성읍 청운11길 13,35.30454285,126.7824532,"정신질환자 등록관리,자살예방사업, 아동청소년 정신보건사업",061-395-0199,
전라남도,장성군,장성군치매안심센터,정신보건,전라남도 장성군 장성읍 성산5길17,35.3233002988,126.8083670054,"치매환자 등록 및 관리사업, 조호물품 지원, 인지재활프로그램 운영, 치매환자 가족 지원사업, 치매안심마을 운영, 치매조기검진사업, 치매치료관리비 지원, 실종예방 인식표 발급등",061-390-7160,
경상북도,포항시,통합건강증진센터,건강증진,경상북도 포항시 북구 삼흥로 98,36.07066182,129.3804374,"대사증후군 관리 원스톱 운영, 생애주기별, 생활터별 건강증진 프로그램 운영, 모바일헬스케어 운영",054-270-4105,
경상북도,포항시,통합건강증진센터,건강증진,경상북도 포항시 남구 동해안로 6119,35.99244128,129.396245,"대사증후군 관리 원스톱 운영, 생애주기별, 생활터별 건강증진 프로그램 운영, 모바일헬스케어 운영",054-270-4081,
경상북도,성주군,건강증진센터,건강증진,경상북도 성주군 성밖숲길 12,35.91741735,128.2785293,건강증진상담및교육,054-930-8193,
강원도,양구군,양구군정신건강증진센터,정신보건,강원도 양구군 양구읍 관공서로 42,38.10994446,127.9892036,"정신장애인 재활프로그램 운영, 자살예방",033-480-2789,
전라남도,나주시,빛가람건강생활지원센터,건강증진,전라남도 나주시 빛가람로 721,35.0222053958,126.790659,건강증진,061-339-4751,
전라남도,나주시,나주시정신건강증진센터,정신보건,전라남도 나주시 건재로 211,35.051091,126.7237199,정신보건,061-330-4114,
경기도,용인시,수지구보건소 건강증진센터,건강증진,경기도 용인시 수지구 포은대로 435,37.3222219027,127.0974474224,"모바일헬스케어, 운동관리, 영양관리, 건강관리, 영양플러스사업",031-324-8838,
경기도,용인시,용인시정신건강복지센터,정신보건,경기도 용인시 기흥구 신갈로58번길 11,37.272634,127.106729,"정신질환자 관리 및 정신건강증진사업,자살예방사업",031-286-0949,
경기도,용인시,용인시정신건강복지센터 부설자살예방센터,정신보건,경기도 용인시 기흥구 신갈로58번길 11,37.272634,127.106729,자살예방 및 생명존중사업,031-286-0949,
충청남도,계룡시,통합건강증진센터,건강증진,충청남도 계룡시 장안로 54,36.2730058,127.250047,"신체활동, 영양, 비만, 만성질환 검사 및 상담",042-840-3531,
경기도,화성시,웰빙건강클리닉센터(우정),건강증진,경기도 화성시 우정읍 쌍봉로 109-14,37.0898259089,126.8153597,생애주기별_신체활동프로그램_제공,031-369-6413,
경기도,화성시,웰빙건강클리닉센터(우정),건강증진,경기도 화성시 우정읍 쌍봉로 109-14,37.0898259089,126.8153597,생애주기별_신체활동프로그램_제공,031-369-6413,
경기도,화성시,웰빙건강클리닉센터(서신),건강증진,경기도 화성시 서신면 궁평항로 1702,37.1665869768,126.7087356267,생애주기별_신체활동프로그램_제공,031-369-6482,
경기도,화성시,웰빙건강클리닉센터(서신),건강증진,경기도 화성시 서신면 궁평항로 1702,37.1665869768,126.7087356267,생애주기별_신체활동프로그램_제공,031-369-6482,
경기도,화성시,U_만성질환관리센터(보건소),건강증진,경기도 화성시 향남읍 3.1만세로 1055,37.1292815681,126.9045557299,고혈압_당뇨병_이상지질혈증_비만_비약물관리,031-369-6371,
경기도,화성시,U_만성질환관리센터(동탄),건강증진,경기도 화성시 노작로 226-9,37.2070698,127.0786006746,고혈압_당뇨병_이상지질혈증_비만_비약물관리,031-369-4374,
경기도,화성시,U_만성질환관리센터(기배),건강증진,경기도 화성시 기안남로 62,37.2243352918,126.9846364182,고혈압_당뇨병_이상지질혈증_비만_비약물관리,031-369-4491,
경기도,화성시,U_만성질환관리센터(봉담),건강증진,경기도 화성시 봉담읍 동화새터길 109,37.2170543838,126.9611048104,고혈압_당뇨병_이상지질혈증_비만_비약물관리,031-369-6253,
경기도,화성시,U_만성질환관리센터(정남),건강증진,경기도 화성시 정남면 서봉로 998,37.160272937,126.9711096594,고혈압_당뇨병_이상지질혈증_비만_비약물관리,031-369-4481,
경기도,화성시,U_만성질환관리센터(정남),건강증진,경기도 화성시 정남면 서봉로 998,37.160272937,126.9711096594,고혈압_당뇨병_이상지질혈증_비만_비약물관리,031-3699-4481,
경기도,화성시,웰빙건강클리닉센터(우정),건강증진,경기도 화성시 우정읍 쌍봉로 109-14,37.0898259089,126.8153597,생애주기별_신체활동프로그램_제공,031-5189-6413,
경기도,화성시,웰빙건강클리닉센터(우정),건강증진,경기도 화성시 우정읍 쌍봉로 109-14,37.0898259089,126.8153597,생애주기별_신체활동프로그램_제공,031-5189-6413,
경기도,화성시,U_만성질환관리센터(보건소),건강증진,경기도 화성시 향남읍 3.1만세로 1055,37.1292815681,126.9045557299,고혈압_당뇨병_이상지질혈증_비만_비약물관리,031-5189-6371,
경기도,화성시,U_만성질환관리센터(동탄),건강증진,경기도 화성시 노작로 226-9,37.2070698,127.0786006746,고혈압_당뇨병_이상지질혈증_비만_비약물관리,031-5189-4374,
경기도,화성시,U_만성질환관리센터(기배),건강증진,경기도 화성시 기안남로 62,37.2243352918,126.9846364182,고혈압_당뇨병_이상지질혈증_비만_비약물관리,031-5189-4491,
경기도,화성시,U_만성질환관리센터(봉담),건강증진,경기도 화성시 봉담읍 동화새터길 109,37.2170543838,126.9611048104,고혈압_당뇨병_이상지질혈증_비만_비약물관리,031-5189-6253,
경기도,화성시,U_만성질환관리센터(정남),건강증진,경기도 화성시 정남면 서봉로 998,37.160272937,126.9711096594,고혈압_당뇨병_이상지질혈증_비만_비약물관리,031-5189-4481,
부산광역시,금정구,장전2동건강생활지원센터,,"부산광역시 금정구 금정로 29-6, 5층",35.22747442,129.0855113,,051-519-5801,"금연, 절주, 신체활동, 영양, 만성질환예방 및 관리사업, 비만"
부산광역시,남구,문현2동건강생활지원센터,,부산광역시 남구 전포대로92번길 31-7,35.14527179,129.0686869,,051-607-6931,"심뇌혈관질환예방관리, 신체활동, 치매"
부산광역시,금정구,금정구건강생활지원센터,,부산광역시 금정구 서동로 175번길 41-5,35.21544759,129.1074472,,051-519-5481,"금연, 절주, 신체활동, 영양, 만성질환예방 및 관리사업, 재활"
부산광역시,동구,행복동구건강생활지원센터,,부산광역시 동구 안창로 90,35.14449013,129.0396681,,051-440-6391,"재활, 한의약건강증진, 아토피 천식 예방관리, 만성질환 예방 및 관리, 금연, 절주, 신체활동, 영양"
부산광역시,동래구,동래구건강생활지원센터,,부산광역시 동래구 명장로32,35.20469662,129.1042478,,051-550-1992,"영양, 신체활동, 심뇌혈관질환예방관리, 금연, 절주, 비만, 치매"
부산광역시,부산진구,당감건강생활지원센터,,"부산광역시 부산진구 백양순환로 40, 당감4동주민센터 4층~5층",35.16822222,129.0334223,,051-605-6113,"심뇌혈관, 신체활동, 비만, 영양, 구강, 금연, 절주, 치매"
부산광역시,부산진구,개금2동건강생활지원센터,,"부산광역시 부산진구 복지로 93, 개금2동주민센터 2층",35.14490697,129.0195347,,051-605-6693,"심뇌혈관, 신체활동, 비만, 치매"
부산광역시,사하구,다대건강생활지원센터,,부산광역시 사하구 다대로 530번길 7,35.05916984,128.9713294,,051-220-5727,"만성질환 예방 및 관리사업, 신체활동, 영양, 금연절주, 정신건강관리"
부산광역시,중구,중구건강생활지원센터,,부산광역시 중구 흑교로 48(보수동1가),35.10377395,129.0253563,,051-600-4726,"영양, 금연, 절주, 심뇌혈관질환예방관리, 운동, 재활"
부산광역시,남구,문현1동건강생활지원센터,,부산광역시 남구 고동골로60번길 1,35.14253417,129.0713224,,051-607-6912,"심뇌혈관질환예방관리, 신체활동, 치매"
경기도,남양주시,화도건강생활지원센터,,경기도 남양주시 화도읍 비룡로 59,37.65784853,127.3007112,,031-590-8433,"신체활동, 비만, 영양, 만성질환예방관리"
부산광역시,남구,용호3동건강생활지원센터,,부산광역시 남구 동명로164번길 40,35.11733521,129.1141211,,051-607-6771,"심뇌혈관질환예방관리, 신체활동, 치매"
부산광역시,사하구,장림1동건강생활지원센터,,부산광역시 사하구 장림로161번길2 보림행복센터,35.08305432,128.9668712,,051-262-9485,"금연, 치매, 신체활동, 심뇌혈관질환예방관리"
부산광역시,부산진구,개금3동건강생활지원센터,,부산광역시 부산진구 개금본동로 88,35.15576358,129.0219366,,051-605-6548,"심뇌혈관, 신체활동, 비만, 치매"
대구광역시,북구,구암건강생활지원센터,,대구광역시 북구 구암서로 30,35.9386464,128.5660100361,,053-665-4281,"건강동아리, 신체활동, 금연, 치매, 방문건강관리"
대구광역시,서구,서구건강생활지원센터(대구광역시),,대구광역시 서구 서대구로7길 46,35.86074781,128.551416,,053-663-3231,"신체활동, 심뇌혈관질환예방관리"
대구광역시,수성구,고산건강생활지원센터,,대구광역시 수성구 욱수천로 99,35.8369885,128.7128212,,053-666-3160,"모바일헬스케어, 심뇌혈관질환예방관리, 신체활동, 구강, 금연, 방문, 모자보건, 치매"
인천광역시,계양구,효성건강생활지원센터,,"인천광역시 계양구 봉오대로 543번길 21, 효성평생건강센터 3층",37.53252721,126.7086103,,032-430-7793,"금연, 신체활동, 심뇌혈관질환예방관리"
인천광역시,남동구,간석건강생활지원센터,,인천광역시 남동구 간석로 41번길 18,37.46745879,126.7130108,,032-453-5960,"만성질환예방관리, 장애인재활사업, 치매주간보호센터사업, 이동건강관리사업, 건강생활실천사업"
인천광역시,부평구,열우물건강생활지원센터,,인천광역시 부평구 열우물로 103,37.47580459,126.6961223,,032-459-3164,"금연, 신체활동, 심뇌혈관질환예방관리"
인천광역시,서구,가좌건강생활지원센터,,인천광역시 서구 건지로 284번길 60,37.49392982,126.6730351,,032-718-0570,"건강원스톱사업, 심뇌혈관예방사업, 건강증진프로그램, 금연 및 흡연예방, 임산부등록 및 관리, 구강, 혈관노화도, 혈압ㆍ혈당ㆍ재활기구 대여사업"
인천광역시,서구,검단건강생활지원센터,,인천광역시 서구 완정로 214,37.60359312,126.6529572,,032-718-0580,"금연, 임산부, 신체활동, 심뇌혈관질환예방관리"
인천광역시,서구,석남건강생활지원센터,,"인천광역시 서구 길주로 79, 6층",37.50676483,126.670879,,032-718-0550,"건강생활실천사업, 심뇌혈관질환예방관리, 금연, 임산부등록, 재활기구대여, 불소양치용액배부 및 틀니세척"
인천광역시,서구,완정건강생활지원센터,,"인천광역시 서구 청마로 167번길 19, 2층",37.59210015,126.6746299,,032-718-0530,"건강생활실천, 심뇌혈관질환예방, 신체활동, 금연, 구강, 모자, 재활"
인천광역시,연수구,송도건강생활지원센터,,인천광역시 연수구 인천타워대로54번길 19,37.37978091,126.6465727,,032-749-6915,"만성질환관리, 건강생활실천관리, 장애인재활관리, 모자보건관리"
광주광역시,광산구,수완건강생활지원센터,,광주광역시 광산구 장덕로 158,35.19707398,126.8257309,,062-960-8822,"건강생활실천사업, 신체활동, 아토피, 심뇌혈관질환예방관리, 모자보건사업, 재활사업 등"
광주광역시,광산구,우산건강생활지원센터,,광주광역시 광산구 사암로 167,35.15931267,126.8075588,,062-960-3801,"구강, 건강생활실천, 모바일 헬스케어, 대사증후군, 재활"
경기도,남양주시,호평건강생활지원센터,,경기도 남양주시 호평로68번길 21,37.65456793,127.2489488,,031-590-8088,"신체활동, 비만, 만성질환예방관리, 스트레스관리"
광주광역시,남구,월산건강생활지원센터,,광주광역시 남구 중앙로 12,35.14458489,126.8999216,,062-607-6151,"만성질환예방관리, 건강생활실천, 치매예방관리, 영양교육, 운동처방실, 건강동아리활동지원지역사회 연계협력"
광주광역시,남구,주월건강생활지원센터,,광주광역시 남구 군분로 13번길 10,35.13480924,126.8944811,,062-607-3133,"신체활동, 영양교육, 건강의날, 운동처방실, 건강동아리활동지원, 만성질환예방관리, 지역사회 연계협력, 심뇌혈관질환 예방관리"
광주광역시,동구,지원건강생활지원센터,,"광주광역시 동구 지원로 31-9, 2층(소태동)",35.1253006,126.9351767,,062-608-3950,"만성질환예방 및 관리사업, 신체활동, 영양, 비만, 재활"
광주광역시,북구,두암건강생활지원센터,,광주광역시 북구 군왕로 141번길 6,35.17431405,126.9324676,,062-410-8984,"방문건강관리, 재활보건"
광주광역시,북구,본촌건강생활지원센터,,광주광역시 북구 양산택지로79번길 26,35.2140802,126.879098,,062-410-6226,"만성질환예방관리, 신체활동, 방문, 어린이, 임산부"
광주광역시,서구,서구건강생활지원센터(광주광역시),,광주광역시 서구 운천로 172번길 32,35.14818147,126.8601043,,062-350-4173,심뇌혈관질환예방관리
광주광역시,서구,쌍촌건강생활지원센터,,"광주광역시 서구 쌍학로 47, 쌍촌종합사회복지관 2층",35.14738171,126.8688313,,062-350-4741,"금연, 신체활동, 심뇌혈관질환예방관리"
대전광역시,대덕구,남부건강생활지원센터(대전광역시),,대전광역시 대덕구 동춘당로 187,36.36720767,127.4308386,,042-608-4472,"금연, 영양, 신체활동, 심뇌혈관질환예방관리"
울산광역시,남구,무거건강생활지원센터,,울산광역시 남구 대학로 147번길 41-26,35.55124507,129.2596407,,052-226-2340,"신체활동, 영양, 금연, 심뇌혈관질환예방관리, 재활, 방문"
세종특별자치시,마음로,고운동건강생활지원센터,,세종특별자치시 마음로 64,36.50497406,127.2353641,,044-301-2900,"심뇌혈질환관리사업, 신체활동, 영양 등"
경기도,고양시,고양건강생활지원센터,,"경기도 고양시 덕양구 혜음로 19-11, 고양동종합복지회관 3층",37.70251731,126.9011967,,02-8075-9668~,"신체활동, 영양교육, 대사증후군예방관리"
경기도,광명시,100세건강생활지원센터,,경기도 광명시 오리로 1018,37.48091392,126.8504732,,02-2680-5173~,"심뇌혈관질환예방관리, 신체활동, 금연, 임산부, 아토피천식"
경기도,광주시,오포건강생활지원센터,,경기도 광주시 오포읍 오포로 884-1,37.36912576,127.2322113,,031-760-2558,"모바일헬스케어, 아토피천식 예방관리, 재활사업, 신체활동"
경기도,남양주시,다산건강생활지원센터,,"경기도 남양주시 다산중앙로 7, 다산행정복지센터 2층",37.61392759,127.1555489,,031-590-8583,"신체활동, 비만, 영양, 만성질환예방관리"
경기도,남양주시,별내건강생활지원센터,,경기도 남양주시 별내3로 64-21,37.64616615,127.1218825,,031-590-8190,"신체활동, 비만, 심뇌혈관질환예방관리"
경기도,남양주시,오남건강생활지원센터,,"경기도 남양주시 오남읍 진건오남로 806-34, 오남읍사무소 2층",37.69857479,127.2048424,,031-590-8501,"신체활동, 비만, 심뇌혈관질환예방관리"
경기도,남양주시,와부건강생활지원센터,,경기도 남양주시 와부읍 월문천로 35,37.58551527,127.2163281,,031-590-2751,"신체활동, 영양, 만성질환예방관리, 구강건강관리"
경기도,시흥시,배곧건강생활지원센터,,경기도 시흥시 배곧4로 94-41,37.37170542,126.735733,,031-428-0005~,"신체활동, 만성질환 예방 및 관리사업"
경기도,시흥시,중부건강생활지원센터,,경기도 시흥시 목감우회로 23,37.38165404,126.8587492,,031-310-0702,"재활보건사업, 영양, 심뇌혈관질환예방관리, 금연, 구강, 여성과 어린이 건강증진, 신체활동, 기타"
경기도,안산시,서부건강생활지원센터(안산시),,경기도 안산시 단원구 신길중앙로 15(신길동),37.33799202,126.7621943,,031-481-6466,"대사증후군 검진, 금연클리닉, 흡연예방교육, 비만ㆍ고지혈증 관리, 당뇨ㆍ고혈압 관리, 영양운동절주 통합상담, 나트륨줄이기 염도계 대여"
경기도,안산시,반월건강생활지원센터,,경기도 안산시 상록구 건건로 119-4,37.31219292,126.904515,,031-481-3792,"금연, 신체활동, 심뇌혈관질환예방관리"
경기도,안성시,공도건강생활지원센터,,경기도 안성시 공도읍 공도로 51-11,36.99971892,127.1661071,,031-678-6801,"신체활동, 만성질환예방관리"
경기도,양주시,동부건강생활지원센터(양주시),,경기도 양주시 화합로 1426번길 90,37.83814181,127.068036,,031-8082-4365,"금연, 신체활동, 심뇌혈관, 대사증후군, 모바일헬스케어, 영양플러스, 재활"
경기도,양주시,서부건강생활지원센터(양주시),,경기도 양주시 광적면 부흥로 618번길 303,37.81249969,126.9723072,,031-8082-4375,"금연, 신체활동, 심뇌혈관, 대사증후군, 한의약, 영양사업"
경기도,오산시,오산시건강생활지원센터,,"경기도 오산시 문헌공로 45, 1층",37.17664285,127.0545674,,031-8036-6580,"심뇌혈관질환예방관리, 한의약건강증진, 운동관리"
경기도,이천시,마장건강생활지원센터,,경기도 이천시 마장면 중앙로 81,37.24993986,127.3585048,,031-644-7186~,"금연, 신체활동, 심뇌혈관질환예방관리, 모자보건, 구강, 치매"
경기도,평택시,포승건강생활지원센터,,경기도 평택시 포승읍 여술로 47,36.98936154,126.847404,,031-8024-8626,"금연, 신체활동, 심뇌혈관질환예방관리, 만성질환, 영양, 비만예방, 재활"
강원도,강릉시,남부건강생활지원센터(강릉시),,강원도 강릉시 강릉대로313번길 6,37.76499482,128.9019205,,033-660-2488,"재활사업, 만성질환예방및관리사업"
강원도,고성군,고성군건강생활지원센터,,강원도 고성군 거진읍 행랑골길 24-1,38.44927612,128.4551781,,033-680-4129/,"구강보건, 방문건강관리, 치매관리, 심뇌혈관질환관리, 신체활동, 금연"
강원도,원주시,남원주건강생활지원센터,,강원도 원주시 단관공원길 86,37.31637775,127.9573873,,033-737-5205,"금연, 신체활동, 영양, 건강상담실"
강원도,원주시,서원주건강생활지원센터,,강원도 원주시 지정면 가곡로 75-2,37.37717937,127.8754203,,033-737-3723,"만성질환 관리, 금연, 영양, 운동"
강원도,철원군,서면건강생활지원센터,,강원도 철원군 서면 무금로48번길 15,38.24438377,127.4374319,,033-450-5654,"금연, 구강, 신체활동, 심뇌혈관질환예방관리"
강원도,춘천시,춘천시건강생활지원센터,,강원도 춘천시 우두하리길 21(우두동),37.90185741,127.741043,,033-250-4489~,"신체활동, 만성질환예방관리, 재활, 영양, 신체활동, 금연, 절주"
강원도,평창군,평창군건강생활지원센터,,강원도 평창군 진부면 석두산2길 13,37.63726765,128.553517,,033-336-6128,"운동, 영양, 신체활동, 금연, 심뇌혈관질환예방관리"
강원도,홍천군,북방면건강생활지원센터,,강원도 홍천군 북방면 상화계2길 17,37.70603412,127.854258,,033-430-4131~,북방면 건강증진프로그램 운영-만성질환관리사업-신체활동증진사업-영양사업-건강플러스마을사업등
충청북도,음성군,맹동건강생활지원센터,,충청북도 음성군 맹동면 사예2길 35,36.91364052,127.5449461,,043-871-2191,"신체활동, 만성질환 예방 및 관리사업"
충청북도,제천시,용두동건강생활지원센터,,충청북도 제천시 용두대로17길 8,37.14231622,128.200363,,043-641-3282,"신체활동, 만성, 영양, 구강"
충청북도,진천군,덕산건강생활지원센터,,충청북도 진천군 덕산읍 연미로 31,36.89973094,127.5282012,,043-539-7422,"신체활동, 영양, 임산부어린이, 만성질환예방관리"
충청남도,금산군,금산군건강생활지원센터,,충청남도 금산군 금산읍 건삼전3길 14,36.10157802,127.491428,,041-754-8334,"신체활동, 심뇌혈관질환예방관리, 금연, 절주, 구강"
충청남도,논산시,논산시건강생활지원센터,,충청남도 논산시 해월로125번길 26,36.20478349,127.0822883,,041-746-8027,"신체활동, 영양, 구강보건, 대사증후군관리"
충청남도,당진시,송악건강생활지원센터,,충청남도 당진시 송악읍 신복운로 99,36.93870119,126.7786187,,041-360-6080,"신체활동, 심뇌혈관질환예방관리, 영양실습교육"
충청남도,아산시,배방건강생활지원센터,,충청남도 아산시 배방읍 용연동길 50,36.79320709,127.0939081,,041-536-8722,"금연, 신체활동, 심뇌혈관질환예방관리, 만선질환관리, 아토피천식사업, 건강프로그램"
충청남도,천안시,청수건강생활지원센터,,"충청남도 천안시 동남구 청수6로 106-3, 6층",36.78962635,127.1553044,,041-521-5897,"금연, 한의약, 신체활동, 심뇌혈관질환예방관리, 치매, 영양, 비만, 방문건강관리"
충청남도,천안시,성정건강생활지원센터,,충청남도 천안시 서북구 서부8길 29,36.8197755,127.1398835,,041-521-2584,"금연, 신체활동, 심뇌혈관질환예방관리, 구강, 방문, 영양, 어린이"
충청남도,태안군,안면읍건강생활지원센터,,충청남도 태안군 안면읍 장터로 149,36.52067135,126.344492,,041-671-5271,"신체활동, 치매, 금연, 심뇌혈관질환예방관리, 구강"
전라북도,군산시,서부건강생활지원센터(군산시),,전라북도 군산시 설림5길 83,35.97431549,126.6792743,,063-454-5172,"신체활동, 영양, 비만, 치매, 방문"
전라북도,익산시,동부건강생활지원센터(익산시),,전라북도 익산시 금마면 고도길 26-6,35.99379252,127.0501633,,063-859-7472,"신체활동, 영양, 만성및심뇌혈관질환예방관리, 치매예방관리, 금연, 절주"
전라북도,익산시,익산시건강생활지원센터,,전라북도 익산시 목천로 326,35.92690996,126.9566872,,063-859-4908,"통합건강증진사업, 만성질환예방관리사업, 재활보건사업"
전라북도,장수군,장계면건강생활지원센터,,전라북도 장수군 장계면 한들로 124,35.73112933,127.5856748,,063-352-8700,"심뇌혈관질환 예방관리, 영양, 신체활동, 금연, 장계면 보건사업 등"
전라남도,광양시,골약건강생활지원센터,,전라남도 광양시 성황3길 19(성황동),34.93757509,127.6777208,,061-797-4894,"금연, 영양, 신체활동, 만성질환관리, 치매예방, 임산부및 어린이건강증진"
전라남도,광양시,광영건강생활지원센터,,전라남도 광양시 금영로 127,34.96197069,127.7194206,,061-797-4075,"금연, 영양, 신체활동, 심뇌혈관질환예방관리, 치매"
전라남도,나주시,빛가람건강생활지원센터,,전라남도 나주시 빛가람로 721,35.0222063,126.7906417,,061-339-4751,"신체활동, 심뇌혈관질환예방관리, 여성어린이특화, 금연, 방문건강관리"
전라남도,무안군,남악건강생활지원센터,,전라남도 무안군 삼향읍 남악3로 40,34.80941904,126.4610002,,061-450-5004,"신체활동, 금연, 치매, 모자보건, 만성질환예방관리"
전라남도,순천시,신대건강생활지원센터,,전라남도 순천시 해룡면 신대로 142,34.93618947,127.5500873,,061-749-3640,"금연, 신체활동, 건강검진, 영양사업"
전라남도,순천시,연향건강생활지원센터,,전라남도 순천시 팔마3길 14-7,34.93468249,127.516378,,061-749-4260,"금연, 절주, 신체활동, 영양, 비만, 심뇌혈관"
전라남도,완도군,완도군건강생활지원센터,,전라남도 완도군 완도읍 청해진동로70,34.31779883,126.7355876,,061-550-6714,"신체활동, 비만예방, 영양사업, 대사증후군발견사업"
경상북도,김천시,봉산면건강생활지원센터,,경상북도 김천시 봉산면 예지송정길 9,36.14144378,128.0598364,,054-421-2871,"심뇌혈관사업, 치매예방사업, 신체활동, 심폐소생술 체험관, 치매분소"
경상남도,김해시,동부건강생활지원센터(김해시),,경상남도 김해시 분성로727번길 8-35(지내동),35.2300251,128.9224445,,055-320-5951,"재활, 만성질환관리, 금연, 절주, 영양, 신체활동"
경상남도,김해시,주촌건강생활지원센터,,경상남도 김해시 주촌면 주선로 29-1,35.23477742,128.8457571,,055-330-2602,"금연, 신체활동, 영양, 심뇌혈관질환예방관리"
경상남도,사천시,삼천포건강생활지원센터,,"경상남도 사천시 동금로 33, 2층",34.93092199,128.0790908,,055-831-5461,"신체활동, 만성질환예방관리"
경상남도,양산시,동부건강생활지원센터(양산시),,경상남도 양산시 덕계회야길 68(덕계동),35.37512088,129.149228,,055-392-6981,"신체활동, 절주, 영양, 심뇌, 치매, 비만"
경상남도,창원시,동부건강생활지원센터(창원시),,경상남도 창원시 진해구 용원로 41번길 8,35.10025913,128.8143601,,055-225-6221,"금연, 영양, 신체활동, 심뇌혈관질환예방관리"
경상남도,함안군,함안군건강생활지원센터,,경상남도 함안군 칠원읍 용산1길 54-5,35.31011238,128.5167043,,055-580-3312,"농부증재활, 신체활동, 심뇌혈관질환예방관리"
제주특별자치도,제주시,노형건강생활지원센터,,제주특별자치도 제주시 노형9길 9-4,33.48288157,126.4769921,,064-728-8721,"장애인 지역사회중심재활사업, 건강상담실 운영 등"
제주특별자치도,제주시,화북건강생활지원센터,,제주특별자치도 제주시 동화로1길 45-22,33.51836381,126.5783832,,064-728-8511,건강생활실천사업
